{
  "version": "1.1.0",
  "diagrams": [
    {
      "ordinal": 0,
      "scrollPosition": {
        "x": 374.66665649414063,
        "y": 236.66667175292969
      },
      "nodes": [
        {
          "location": {
            "x": 683,
            "y": 369.68697194608683
          },
          "nodeIndex": "Power Query Code Transformed",
          "nodeLineageTag": "131cfbe0-c3d3-4849-bb39-df10997955ff",
          "size": {
            "height": 236,
            "width": 234
          },
          "zIndex": 4
        },
        {
          "location": {
            "x": 310.18269278110961,
            "y": 287.35293570067984
          },
          "nodeIndex": "Power Query Code",
          "nodeLineageTag": "b957776b-58cd-4bfe-b714-59b4e48cb492",
          "size": {
            "height": 237,
            "width": 234
          },
          "zIndex": 3
        },
        {
          "location": {
            "x": 573,
            "y": 185.4411696258498
          },
          "nodeIndex": "Columns",
          "nodeLineageTag": "982c0368-b9b3-4861-95be-40a4d9070140",
          "size": {
            "height": 152,
            "width": 234
          },
          "zIndex": 0
        }
      ],
      "name": "All tables",
      "zoomValue": 100,
      "pinKeyFieldsToTop": false,
      "showExtraHeaderInfo": false,
      "hideKeyFieldsWhenCollapsed": false,
      "tablesLocked": false
    }
  ],
  "selectedDiagram": "All tables",
  "defaultDiagram": "All tables"
}