{
  "config": "{\"version\":\"5.50\",\"themeCollection\":{\"baseTheme\":{\"name\":\"CY23SU04\",\"version\":\"5.46\",\"type\":2}},\"activeSectionIndex\":0,\"defaultDrillFilterOtherVisuals\":true,\"slowDataSourceSettings\":{\"isCrossHighlightingDisabled\":false,\"isSlicerSelectionsButtonEnabled\":false,\"isFilterSelectionsButtonEnabled\":false,\"isFieldWellButtonEnabled\":false,\"isApplyAllButtonEnabled\":false},\"linguisticSchemaSyncVersion\":2,\"settings\":{\"useNewFilterPaneExperience\":true,\"allowChangeFilterTypes\":true,\"useStylableVisualContainerHeader\":true,\"queryLimitOption\":6,\"useEnhancedTooltips\":true,\"exportDataMode\":1,\"useDefaultAggregateDisplayName\":true},\"objects\":{\"section\":[{\"properties\":{\"verticalAlignment\":{\"expr\":{\"Literal\":{\"Value\":\"'Top'\"}}}}}],\"outspacePane\":[{\"properties\":{\"expanded\":{\"expr\":{\"Literal\":{\"Value\":\"false\"}}},\"visible\":{\"expr\":{\"Literal\":{\"Value\":\"false\"}}}}}]}}",
  "layoutOptimization": 0,
  "publicCustomVisuals": [],
  "resourcePackages": [
    {
      "resourcePackage": {
        "disabled": false,
        "items": [
          {
            "name": "CY23SU04",
            "path": "BaseThemes/CY23SU04.json",
            "type": 202
          }
        ],
        "name": "SharedResources",
        "type": 2
      }
    }
  ],
  "sections": [
    {
      "config": "{}",
      "displayName": "LLM",
      "displayOption": 1,
      "filters": "[]",
      "height": 720.00,
      "name": "ReportSection",
      "visualContainers": [
        {
          "config": "{\"name\":\"8154f394e0c65304e8bb\",\"layouts\":[{\"id\":0,\"position\":{\"x\":9.666504417599599,\"y\":146.20587931619394,\"z\":0,\"width\":1269.9370178621473,\"height\":572.7403867427762,\"tabOrder\":0}}],\"singleVisual\":{\"visualType\":\"tableEx\",\"projections\":{\"Values\":[{\"queryRef\":\"M_Expressions.M Expression\"},{\"queryRef\":\"Power Query Code Transformed.M Expression with Comments and Variable Name Changes\"}]},\"prototypeQuery\":{\"Version\":2,\"From\":[{\"Name\":\"m1\",\"Entity\":\"Power Query Code\",\"Type\":0},{\"Name\":\"p\",\"Entity\":\"Power Query Code Transformed\",\"Type\":0}],\"Select\":[{\"Column\":{\"Expression\":{\"SourceRef\":{\"Source\":\"m1\"}},\"Property\":\"M Expression\"},\"Name\":\"M_Expressions.M Expression\",\"NativeReferenceName\":\"Original Power Query Code\"},{\"Column\":{\"Expression\":{\"SourceRef\":{\"Source\":\"p\"}},\"Property\":\"M Expression with Comments and Variable Name Changes\"},\"Name\":\"Power Query Code Transformed.M Expression with Comments and Variable Name Changes\",\"NativeReferenceName\":\"Additional Comments & Variable Name Changes\"}]},\"queryFieldParametersByRole\":{\"Values\":[{\"index\":1,\"length\":1,\"expr\":{\"Column\":{\"Expression\":{\"SourceRef\":{\"Entity\":\"Columns\"}},\"Property\":\"Columns\"}}}]},\"columnProperties\":{\"M_Expressions.M Expression\":{\"displayName\":\"Original Power Query Code\"},\"Power Query Code Transformed.M Expression with Comments and Variable Name Changes\":{\"displayName\":\"Additional Comments & Variable Name Changes\"}},\"drillFilterOtherVisuals\":true,\"objects\":{\"columnWidth\":[{\"properties\":{\"value\":{\"expr\":{\"Literal\":{\"Value\":\"578.0357830233336D\"}}}},\"selector\":{\"metadata\":\"M_Expressions.M Expression\"}},{\"properties\":{\"value\":{\"expr\":{\"Literal\":{\"Value\":\"1088.7884269025074D\"}}}},\"selector\":{\"metadata\":\"M_Expressions_Recombined.M Expression\"}},{\"properties\":{\"value\":{\"expr\":{\"Literal\":{\"Value\":\"654.5100274615291D\"}}}},\"selector\":{\"metadata\":\"Power Query Code Transformed.M Expression with Comments\"}}],\"values\":[{\"properties\":{\"fontFamily\":{\"expr\":{\"Literal\":{\"Value\":\"'Arial'\"}}},\"fontSize\":{\"expr\":{\"Literal\":{\"Value\":\"9D\"}}}}}],\"columnHeaders\":[{\"properties\":{\"fontFamily\":{\"expr\":{\"Literal\":{\"Value\":\"'Arial'\"}}},\"fontColor\":{\"solid\":{\"color\":{\"expr\":{\"ThemeDataColor\":{\"ColorId\":0,\"Percent\":0}}}}},\"backColor\":{\"solid\":{\"color\":{\"expr\":{\"ThemeDataColor\":{\"ColorId\":3,\"Percent\":0}}}}}}}]},\"vcObjects\":{\"title\":[{\"properties\":{\"text\":{\"expr\":{\"Literal\":{\"Value\":\"'Power Query Code Table'\"}}}}}]}}}",
          "filters": "[]",
          "height": 572.74,
          "width": 1269.94,
          "x": 9.67,
          "y": 146.21,
          "z": 0.00
        },
        {
          "config": "{\"name\":\"8c55810b550044c7ac2b\",\"layouts\":[{\"id\":0,\"position\":{\"x\":0,\"y\":43.890832750174944,\"z\":4000,\"width\":1280,\"height\":12.540237928621414,\"tabOrder\":-9999000}}],\"singleVisual\":{\"visualType\":\"shape\",\"drillFilterOtherVisuals\":true,\"objects\":{\"shape\":[{\"properties\":{\"tileShape\":{\"expr\":{\"Literal\":{\"Value\":\"'line'\"}}}}}],\"rotation\":[{\"properties\":{\"shapeAngle\":{\"expr\":{\"Literal\":{\"Value\":\"0L\"}}}}}],\"fill\":[{\"properties\":{\"fillColor\":{\"solid\":{\"color\":{\"expr\":{\"ThemeDataColor\":{\"ColorId\":1,\"Percent\":0}}}}}},\"selector\":{\"id\":\"default\"}}],\"outline\":[{\"properties\":{\"lineColor\":{\"solid\":{\"color\":{\"expr\":{\"ThemeDataColor\":{\"ColorId\":1,\"Percent\":0}}}}}},\"selector\":{\"id\":\"default\"}}]}},\"howCreated\":\"InsertVisualButton\"}",
          "filters": "[]",
          "height": 12.54,
          "width": 1280.00,
          "x": 0.00,
          "y": 43.89,
          "z": 4000.00
        },
        {
          "config": "{\"name\":\"96511c9dbf9c6c9cf803\",\"layouts\":[{\"id\":0,\"position\":{\"x\":0,\"y\":0,\"z\":3000,\"width\":1280,\"height\":61.80545836249125,\"tabOrder\":5500}}],\"singleVisual\":{\"visualType\":\"textbox\",\"drillFilterOtherVisuals\":true,\"objects\":{\"general\":[{\"properties\":{\"paragraphs\":[{\"textRuns\":[{\"value\":\"Power Query Code Enhancements with a Large Language Model\",\"textStyle\":{\"fontWeight\":\"bold\",\"fontFamily\":\"Arial\",\"fontSize\":\"14pt\",\"textDecoration\":\"underline\"}}],\"horizontalTextAlignment\":\"center\"},{\"textRuns\":[{\"value\":\"Please select the dataset name, then table name to see the commented code.  Right click on the commented code and choose \\\"Copy Value\\\" to copy over to your dataset.\",\"textStyle\":{\"fontFamily\":\"Arial\"}}],\"horizontalTextAlignment\":\"center\"}]}}]},\"vcObjects\":{\"background\":[{\"properties\":{\"show\":{\"expr\":{\"Literal\":{\"Value\":\"false\"}}}}}],\"border\":[{\"properties\":{\"show\":{\"expr\":{\"Literal\":{\"Value\":\"false\"}}}}}],\"title\":[{\"properties\":{\"text\":{\"expr\":{\"Literal\":{\"Value\":\"'Instructions'\"}}}}}]}}}",
          "filters": "[]",
          "height": 61.81,
          "width": 1280.00,
          "x": 0.00,
          "y": 0.00,
          "z": 3000.00
        },
        {
          "config": "{\"name\":\"b20dd89c3201922834eb\",\"layouts\":[{\"id\":0,\"position\":{\"x\":607.3962264150944,\"y\":60.37735849056604,\"z\":1000,\"width\":672.6037735849056,\"height\":74.86792452830188,\"tabOrder\":1000}}],\"singleVisual\":{\"visualType\":\"slicer\",\"projections\":{\"Values\":[{\"queryRef\":\"Columns.Columns\",\"active\":true}]},\"prototypeQuery\":{\"Version\":2,\"From\":[{\"Name\":\"c\",\"Entity\":\"Columns\",\"Type\":0}],\"Select\":[{\"Column\":{\"Expression\":{\"SourceRef\":{\"Source\":\"c\"}},\"Property\":\"Columns\"},\"Name\":\"Columns.Columns\",\"NativeReferenceName\":\"Select Power Query Changes\"}]},\"columnProperties\":{\"Columns.Columns\":{\"displayName\":\"Select Power Query Changes\"}},\"drillFilterOtherVisuals\":true,\"objects\":{\"data\":[{\"properties\":{\"mode\":{\"expr\":{\"Literal\":{\"Value\":\"'Basic'\"}}}}}],\"header\":[{\"properties\":{\"fontFamily\":{\"expr\":{\"Literal\":{\"Value\":\"'Arial'\"}}},\"bold\":{\"expr\":{\"Literal\":{\"Value\":\"false\"}}},\"textSize\":{\"expr\":{\"Literal\":{\"Value\":\"12D\"}}},\"outlineStyle\":{\"expr\":{\"Literal\":{\"Value\":\"4D\"}}},\"show\":{\"expr\":{\"Literal\":{\"Value\":\"false\"}}},\"text\":{\"expr\":{\"Literal\":{\"Value\":\"' '\"}}},\"italic\":{\"expr\":{\"Literal\":{\"Value\":\"false\"}}}}}],\"selection\":[{\"properties\":{\"singleSelect\":{\"expr\":{\"Literal\":{\"Value\":\"false\"}}},\"strictSingleSelect\":{\"expr\":{\"Literal\":{\"Value\":\"true\"}}}}}],\"general\":[{\"properties\":{\"outlineColor\":{\"solid\":{\"color\":{\"expr\":{\"ThemeDataColor\":{\"ColorId\":1,\"Percent\":0}}}}},\"orientation\":{\"expr\":{\"Literal\":{\"Value\":\"1D\"}}},\"filter\":{\"filter\":{\"Version\":2,\"From\":[{\"Name\":\"c\",\"Entity\":\"Columns\",\"Type\":0}],\"Where\":[{\"Condition\":{\"In\":{\"Expressions\":[{\"Column\":{\"Expression\":{\"SourceRef\":{\"Source\":\"c\"}},\"Property\":\"Columns Fields\"}}],\"Values\":[[{\"Literal\":{\"Value\":\"'''Power Query Code Transformed''[M Expression with Comments and Variable Name Changes]'\"}}]]}}}]}}}}],\"items\":[{\"properties\":{\"fontFamily\":{\"expr\":{\"Literal\":{\"Value\":\"'Arial'\"}}}}}]},\"vcObjects\":{\"title\":[{\"properties\":{\"show\":{\"expr\":{\"Literal\":{\"Value\":\"true\"}}},\"text\":{\"expr\":{\"Literal\":{\"Value\":\"'Select Enhancement Options'\"}}},\"heading\":{\"expr\":{\"Literal\":{\"Value\":\"'Normal'\"}}},\"fontFamily\":{\"expr\":{\"Literal\":{\"Value\":\"'Arial'\"}}},\"fontSize\":{\"expr\":{\"Literal\":{\"Value\":\"11D\"}}}}}],\"divider\":[{\"properties\":{\"show\":{\"expr\":{\"Literal\":{\"Value\":\"true\"}}},\"color\":{\"solid\":{\"color\":{\"expr\":{\"ThemeDataColor\":{\"ColorId\":1,\"Percent\":0}}}}},\"width\":{\"expr\":{\"Literal\":{\"Value\":\"2D\"}}}}}]},\"cachedFilterDisplayItems\":[{\"id\":{\"scopeId\":{\"Comparison\":{\"ComparisonKind\":0,\"Left\":{\"Column\":{\"Expression\":{\"SourceRef\":{\"Entity\":\"Columns\"}},\"Property\":\"Columns Fields\"}},\"Right\":{\"Literal\":{\"Value\":\"'''Power Query Code Transformed''[M Expression with Comments and Variable Name Changes]'\"}}}}},\"displayName\":\"Additional Comments & Variable Name Changes\"}]}}",
          "filters": "[]",
          "height": 74.87,
          "width": 672.60,
          "x": 607.40,
          "y": 60.38,
          "z": 1000.00
        },
        {
          "config": "{\"name\":\"ec1b521fcea087620f5e\",\"layouts\":[{\"id\":0,\"position\":{\"x\":9.660377358490566,\"y\":61.58490566037736,\"z\":2000,\"width\":568.7547169811321,\"height\":74.86792452830188,\"tabOrder\":2000}}],\"singleVisual\":{\"visualType\":\"slicer\",\"projections\":{\"Values\":[{\"queryRef\":\"M_Expressions.Table Name\",\"active\":true}]},\"prototypeQuery\":{\"Version\":2,\"From\":[{\"Name\":\"m\",\"Entity\":\"Power Query Code\",\"Type\":0}],\"Select\":[{\"Column\":{\"Expression\":{\"SourceRef\":{\"Source\":\"m\"}},\"Property\":\"Table Name\"},\"Name\":\"M_Expressions.Table Name\",\"NativeReferenceName\":\"Select Table Name\"}]},\"columnProperties\":{\"M_Expressions.Table Name\":{\"displayName\":\"Select Table Name\"}},\"drillFilterOtherVisuals\":true,\"objects\":{\"data\":[{\"properties\":{\"mode\":{\"expr\":{\"Literal\":{\"Value\":\"'Dropdown'\"}}}}}],\"header\":[{\"properties\":{\"fontFamily\":{\"expr\":{\"Literal\":{\"Value\":\"'Arial'\"}}},\"bold\":{\"expr\":{\"Literal\":{\"Value\":\"false\"}}},\"textSize\":{\"expr\":{\"Literal\":{\"Value\":\"11D\"}}},\"outlineStyle\":{\"expr\":{\"Literal\":{\"Value\":\"4D\"}}},\"show\":{\"expr\":{\"Literal\":{\"Value\":\"false\"}}}}}],\"selection\":[{\"properties\":{\"singleSelect\":{\"expr\":{\"Literal\":{\"Value\":\"false\"}}},\"strictSingleSelect\":{\"expr\":{\"Literal\":{\"Value\":\"true\"}}}}}],\"general\":[{\"properties\":{\"filter\":{\"filter\":{\"Version\":2,\"From\":[{\"Name\":\"p\",\"Entity\":\"Power Query Code\",\"Type\":0}],\"Where\":[{\"Condition\":{\"In\":{\"Expressions\":[{\"Column\":{\"Expression\":{\"SourceRef\":{\"Source\":\"p\"}},\"Property\":\"Table Name\"}}],\"Values\":[[{\"Literal\":{\"Value\":\"'Target and Source - Dataset Sources Without Dataflows'\"}}]]}}}]}},\"outlineColor\":{\"solid\":{\"color\":{\"expr\":{\"ThemeDataColor\":{\"ColorId\":1,\"Percent\":0}}}}},\"outlineWeight\":{\"expr\":{\"Literal\":{\"Value\":\"2D\"}}},\"selfFilterEnabled\":{\"expr\":{\"Literal\":{\"Value\":\"true\"}}}}}],\"items\":[{\"properties\":{\"fontFamily\":{\"expr\":{\"Literal\":{\"Value\":\"'Arial'\"}}}}}]},\"vcObjects\":{\"title\":[{\"properties\":{\"show\":{\"expr\":{\"Literal\":{\"Value\":\"true\"}}},\"text\":{\"expr\":{\"Literal\":{\"Value\":\"'Select Table'\"}}},\"heading\":{\"expr\":{\"Literal\":{\"Value\":\"'Normal'\"}}},\"fontFamily\":{\"expr\":{\"Literal\":{\"Value\":\"'Arial'\"}}},\"fontSize\":{\"expr\":{\"Literal\":{\"Value\":\"11D\"}}}}}],\"divider\":[{\"properties\":{\"show\":{\"expr\":{\"Literal\":{\"Value\":\"true\"}}},\"color\":{\"solid\":{\"color\":{\"expr\":{\"ThemeDataColor\":{\"ColorId\":1,\"Percent\":0}}}}},\"width\":{\"expr\":{\"Literal\":{\"Value\":\"2D\"}}}}}]}}}",
          "filters": "[]",
          "height": 74.87,
          "width": 568.75,
          "x": 9.66,
          "y": 61.58,
          "z": 2000.00
        }
      ],
      "width": 1280.00
    }
  ]
}